wp_post_id,title,ical_url
91001,"72D Bay homes 1 Bedroom Chalet with Large Roof",https://mohamedmaged3002-droid.github.io/almaza-ical/91001.ics
91002,"F01-S1 Residences 1 Bedroom Chalet",https://mohamedmaged3002-droid.github.io/almaza-ical/91002.ics
91003,"E06-F03 Beachtown 2 Bedrooms Apartment",https://mohamedmaged3002-droid.github.io/almaza-ical/91003.ics
91004,"E02-G06 Beachtown 2 Bedroom Apartment",https://mohamedmaged3002-droid.github.io/almaza-ical/91004.ics
91005,"E01-G08 Beachtown 2 Bedroom Apartment",https://mohamedmaged3002-droid.github.io/almaza-ical/91005.ics
91006,"D08-G03 Beachtown 2 Bedroom Apartment",https://mohamedmaged3002-droid.github.io/almaza-ical/91006.ics
91007,"D01-G02 Beachtown 2 Bedroom Apartment",https://mohamedmaged3002-droid.github.io/almaza-ical/91007.ics
91008,"F01-G08 Beachtown 2 Bedroom + Maid's Room",https://mohamedmaged3002-droid.github.io/almaza-ical/91008.ics
91009,"C02-G04 Beachtown 2 Bedroom Apartment",https://mohamedmaged3002-droid.github.io/almaza-ical/91009.ics
91010,"F02-F1 Residences 1 Bedroom Chalet",https://mohamedmaged3002-droid.github.io/almaza-ical/91010.ics
91011,"C02-S08 Beachtown 2 Bedroom Apartment",https://mohamedmaged3002-droid.github.io/almaza-ical/91011.ics
91012,"C02-F04 Beachtown 2 Bedroom Apartment",https://mohamedmaged3002-droid.github.io/almaza-ical/91012.ics
91013,"C08-F05 Beachtown 2 Bedroom Apartment",https://mohamedmaged3002-droid.github.io/almaza-ical/91013.ics
91014,"D01-F02 Beachtown 2 Bedroom Apartment",https://mohamedmaged3002-droid.github.io/almaza-ical/91014.ics
91015,"C02-S04 Beachtown 2 Bedroom Apartment",https://mohamedmaged3002-droid.github.io/almaza-ical/91015.ics
91016,"B02-S03 Beachtown 2 Bedroom Apartment",https://mohamedmaged3002-droid.github.io/almaza-ical/91016.ics
91017,"C08-F01 Beachtown 2 Bedroom Apartment",https://mohamedmaged3002-droid.github.io/almaza-ical/91017.ics
91018,"C01-S03 Beachtown 2 Bedroom Apartment",https://mohamedmaged3002-droid.github.io/almaza-ical/91018.ics
91019,"B02-G04 Beachtown 2 Bedroom Apartment",https://mohamedmaged3002-droid.github.io/almaza-ical/91019.ics
91020,"D07-G02 Beachtown 2 Bedroom + Maid’s Room Apartment",https://mohamedmaged3002-droid.github.io/almaza-ical/91020.ics
91021,"D07-F08 Beachtown 2 Bedroom + Maid’s Room Apartment",https://mohamedmaged3002-droid.github.io/almaza-ical/91021.ics
91022,"B02-S04 Beachtown 2 Bedroom Apartment",https://mohamedmaged3002-droid.github.io/almaza-ical/91022.ics
91023,"D02-G06 Beachtown 2 Bedroom Apartment",https://mohamedmaged3002-droid.github.io/almaza-ical/91023.ics
91024,"E01-S02 Beachtown 2 Bedroom Apartment",https://mohamedmaged3002-droid.github.io/almaza-ical/91024.ics
91025,"F01-S02 Beachtown 2 Bedroom + Maid's Room Apartment",https://mohamedmaged3002-droid.github.io/almaza-ical/91025.ics
91026,"C01-S07 Beachtown 2 bedroom + Maid's Room Apartment",https://mohamedmaged3002-droid.github.io/almaza-ical/91026.ics
91027,"C01-F02 Beachtown 2 Bedroom Apartment",https://mohamedmaged3002-droid.github.io/almaza-ical/91027.ics
91028,"E01-G06 Beachtown 2 Bedroom Apartment",https://mohamedmaged3002-droid.github.io/almaza-ical/91028.ics
91029,"D08-S04 Beachtown 2 Bedroom Apartment",https://mohamedmaged3002-droid.github.io/almaza-ical/91029.ics
91030,"E02-F04 Beachtown 2 Bedroom Apartment",https://mohamedmaged3002-droid.github.io/almaza-ical/91030.ics
91031,"B01-S05 Beachtown 2 Bedroom Apartment",https://mohamedmaged3002-droid.github.io/almaza-ical/91031.ics
91032,"C02-S06 Beachtown 2 Bedroom Apartment",https://mohamedmaged3002-droid.github.io/almaza-ical/91032.ics
91033,"D07-S02 Beachtown 2 Bedroom + Maid's Room Apartment",https://mohamedmaged3002-droid.github.io/almaza-ical/91033.ics
91034,"C08-F04 Beachtown 2 Bedroom Apartment",https://mohamedmaged3002-droid.github.io/almaza-ical/91034.ics
91035,"C08-S05 Beachtown 2 Bedroom Apartment",https://mohamedmaged3002-droid.github.io/almaza-ical/91035.ics
91036,"D01-G07 Beachtown 2 Bedroom Apartment",https://mohamedmaged3002-droid.github.io/almaza-ical/91036.ics
91037,"B09-S03 Beachtown 2 Bedroom Apartment",https://mohamedmaged3002-droid.github.io/almaza-ical/91037.ics
91038,"D01-S03 Beachtown 2 Bedroom Apartment",https://mohamedmaged3002-droid.github.io/almaza-ical/91038.ics
91039,"C01-S08 Beachtown 2 Bedroom Apartment",https://mohamedmaged3002-droid.github.io/almaza-ical/91039.ics
91040,"D01-G13 Beachtown 2 Bedroom Apartment Ground Floor",https://mohamedmaged3002-droid.github.io/almaza-ical/91040.ics
91041,"C08-G01 Beachtown 2 Bedroom Apartment",https://mohamedmaged3002-droid.github.io/almaza-ical/91041.ics
91042,"D07-S06 Beachtown 2 Bedroom Apartment",https://mohamedmaged3002-droid.github.io/almaza-ical/91042.ics
91043,"C03-G03 Beachtown 2 Bedroom Apartment",https://mohamedmaged3002-droid.github.io/almaza-ical/91043.ics
91044,"D01-S13 Beachtown 2 Bedroom Apartment",https://mohamedmaged3002-droid.github.io/almaza-ical/91044.ics
91045,"C02-F07 Beachtown 2 Bedroom + Maid's Room Apartment",https://mohamedmaged3002-droid.github.io/almaza-ical/91045.ics
91046,"F11 Beachtown 4 Bedroom + Maid's Room Townvilla",https://mohamedmaged3002-droid.github.io/almaza-ical/91046.ics
91047,"B09-S02 Beachtown 2 Bedroom Apartment",https://mohamedmaged3002-droid.github.io/almaza-ical/91047.ics
91048,"B02-F03 Beachtown 2 Bedroom Aprtament",https://mohamedmaged3002-droid.github.io/almaza-ical/91048.ics
91049,"D01-S11 Beachtown 2 Bedroom + Maid's Room Apartment",https://mohamedmaged3002-droid.github.io/almaza-ical/91049.ics
91050,"D02-G04 Beachtown 2 Bedroom Apartment",https://mohamedmaged3002-droid.github.io/almaza-ical/91050.ics
91051,"C02-F03 Beachtown 2 Bedroom Apartment",https://mohamedmaged3002-droid.github.io/almaza-ical/91051.ics
91052,"E01-F Residences 2 Bedroom + Maid's Room Chalet",https://mohamedmaged3002-droid.github.io/almaza-ical/91052.ics
91053,"D02-F03 Beachtown 2 Bedroom Apartment",https://mohamedmaged3002-droid.github.io/almaza-ical/91053.ics
91054,"E02-S08 Beachtown 2 Bedroom + Maid's Room Apartment",https://mohamedmaged3002-droid.github.io/almaza-ical/91054.ics
91055,"E01-F06 Beachtown 2 Bedroom Apartment",https://mohamedmaged3002-droid.github.io/almaza-ical/91055.ics
91056,"B01-G04 Beachtown 2 Bedroom Apartment",https://mohamedmaged3002-droid.github.io/almaza-ical/91056.ics
91057,"D04-F Residences 3 Bedroom + Maid's Room Chalet",https://mohamedmaged3002-droid.github.io/almaza-ical/91057.ics
91058,"B02-G01 Beachtown 2 Bedroom + Maid’s Room Apartment",https://mohamedmaged3002-droid.github.io/almaza-ical/91058.ics
91059,"C08-S03 Beachtown 2 Bedroom Apartment",https://mohamedmaged3002-droid.github.io/almaza-ical/91059.ics
91060,"D02-G08 Beachtown 2 Bedroom + Maid's Room Apartment",https://mohamedmaged3002-droid.github.io/almaza-ical/91060.ics
91061,"E06-F04 Beachtown 2 Bedroom + Maid's Room Apartment",https://mohamedmaged3002-droid.github.io/almaza-ical/91061.ics
91062,"C01-S01 Beachtown 2 Bedroom + Maid's Room Apartment",https://mohamedmaged3002-droid.github.io/almaza-ical/91062.ics
91063,"B01-F04 Beachtown 2 Bedroom Aprtament",https://mohamedmaged3002-droid.github.io/almaza-ical/91063.ics
91064,"F01-S03 Beachtown 2 Bedroom + Maid's Room Apartment",https://mohamedmaged3002-droid.github.io/almaza-ical/91064.ics
91065,"E05-G Residences 3 Bedroom + Maid's Room Chalet",https://mohamedmaged3002-droid.github.io/almaza-ical/91065.ics
91066,"B01-F01 Beachtown 2 Bedroom Apartment",https://mohamedmaged3002-droid.github.io/almaza-ical/91066.ics
91067,"C05 Beachtown 3 Bedroom + Maid's Room Townhome",https://mohamedmaged3002-droid.github.io/almaza-ical/91067.ics
91068,"D02-F06 Beachtown 2 Bedroom Apartment",https://mohamedmaged3002-droid.github.io/almaza-ical/91068.ics
91069,"B09-S04 Beachtown 2 Bedroom Aprtament",https://mohamedmaged3002-droid.github.io/almaza-ical/91069.ics
91070,"C10 Beachtown 3 Bedroom + Maid's Room Townhome",https://mohamedmaged3002-droid.github.io/almaza-ical/91070.ics
91071,"F10-G Residences 3 Bedroom + Maid's Room Chalet",https://mohamedmaged3002-droid.github.io/almaza-ical/91071.ics
91072,"C01-G01 Beachtown 2 Bedroom + Maid’s Room Apartment",https://mohamedmaged3002-droid.github.io/almaza-ical/91072.ics
91073,"E05 Beachtown 4 Bedroom + Maid's Room Townvilla",https://mohamedmaged3002-droid.github.io/almaza-ical/91073.ics
91074,"F05-G Residences 3 Bedroom + Maid's Room Chalet",https://mohamedmaged3002-droid.github.io/almaza-ical/91074.ics
91075,"D22-F Challet 3 Bedrooms + Maid's Room First Floor",https://mohamedmaged3002-droid.github.io/almaza-ical/91075.ics
91076,"22B Bayhomes 3bedroom + Maid's room chalet",https://mohamedmaged3002-droid.github.io/almaza-ical/91076.ics
91077,"D24-F Residences 3 Bedroom + Maid's chalet",https://mohamedmaged3002-droid.github.io/almaza-ical/91077.ics
91078,"F21-F Residences 4 Bedroom + Maid's Room Chalet",https://mohamedmaged3002-droid.github.io/almaza-ical/91078.ics
91079,"E19-F Residences 4 Bedroom Chalet",https://mohamedmaged3002-droid.github.io/almaza-ical/91079.ics
91080,"39B Bayhomes 4 Bedroom + Maid's room",https://mohamedmaged3002-droid.github.io/almaza-ical/91080.ics
91081,"D01-F Residences 3 Bedroom Chalet",https://mohamedmaged3002-droid.github.io/almaza-ical/91081.ics
91082,"F03 Beachtown 4 Bedroom + Maid's Room Townvilla",https://mohamedmaged3002-droid.github.io/almaza-ical/91082.ics
91083,"E25-F Residences 4 Bedroom + Maid's Room Chalet",https://mohamedmaged3002-droid.github.io/almaza-ical/91083.ics
91084,"D15-G Residences 4 Bedroom Chalet",https://mohamedmaged3002-droid.github.io/almaza-ical/91084.ics
91085,"E09 Beachtown 3 Bedroom + Maid's Room Townhome",https://mohamedmaged3002-droid.github.io/almaza-ical/91085.ics
91086,"E22 Beachtown 7 Bedroom + Maid's Room Townvilla",https://mohamedmaged3002-droid.github.io/almaza-ical/91086.ics
91087,"D47 Residences 4 Bedrooms standalone villa",https://mohamedmaged3002-droid.github.io/almaza-ical/91087.ics
91088,"55C Bayhomes 6 Bedroom Quad Chalet",https://mohamedmaged3002-droid.github.io/almaza-ical/91088.ics
91089,"F15-F Residences 5 Bedroom + Maids Room Chalet with Pool",https://mohamedmaged3002-droid.github.io/almaza-ical/91089.ics
91090,"C55 Selection 5 Bedroom Standalone Villa",https://mohamedmaged3002-droid.github.io/almaza-ical/91090.ics
91091,"G67 Selection 5 Bedroom Town Villa",https://mohamedmaged3002-droid.github.io/almaza-ical/91091.ics
91092,"D67 Selection 5 Bedroom Standalone villa",https://mohamedmaged3002-droid.github.io/almaza-ical/91092.ics
91093,"C03-F01 Beachtown 2 Bedroom Apartment",https://mohamedmaged3002-droid.github.io/almaza-ical/91093.ics
91094,"D02-S05 Beachtown 2 Bedroom Apartment",https://mohamedmaged3002-droid.github.io/almaza-ical/91094.ics
91095,"E02-S03 Beachtown 2 Bedroom Apartment",https://mohamedmaged3002-droid.github.io/almaza-ical/91095.ics
91096,"B02-G03 Beachtown 2 Bedroom Apartment",https://mohamedmaged3002-droid.github.io/almaza-ical/91096.ics
91097,"E01-F03 Beachtown 2 Bedroom Apartment",https://mohamedmaged3002-droid.github.io/almaza-ical/91097.ics
91098,"F01-G06 Beachtown 2 Bedroom Apartment",https://mohamedmaged3002-droid.github.io/almaza-ical/91098.ics
91099,"D01-F10 Beachtown 2 Bedroom Apartment",https://mohamedmaged3002-droid.github.io/almaza-ical/91099.ics
91100,"D02-S03 Beachtown 2 Bedroom Apartment",https://mohamedmaged3002-droid.github.io/almaza-ical/91100.ics
91101,"B02-F04 Beachtown 2 Bedroom Apartment",https://mohamedmaged3002-droid.github.io/almaza-ical/91101.ics
91102,"E01-S03 Beachtown 2 Bedroom Apartment",https://mohamedmaged3002-droid.github.io/almaza-ical/91102.ics
91103,"D08-S02 Beachtown 2 Bedroom Apartment",https://mohamedmaged3002-droid.github.io/almaza-ical/91103.ics
91104,"D01-F13 Beachtown 2 Bedroom Apartment",https://mohamedmaged3002-droid.github.io/almaza-ical/91104.ics
91105,"C03-S03 Beachtown 2 Bedroom Apartment",https://mohamedmaged3002-droid.github.io/almaza-ical/91105.ics
91106,"C02-S02 Beachtown 2 Bedroom Apartment",https://mohamedmaged3002-droid.github.io/almaza-ical/91106.ics
91107,"D08-F02 Beachtown 2 Bedroom Apartment",https://mohamedmaged3002-droid.github.io/almaza-ical/91107.ics
91108,"E01-S05 Beachtown 2 Bedroom Apartment",https://mohamedmaged3002-droid.github.io/almaza-ical/91108.ics
91109,"E02-S05 Beachtown 2 Bedroom + Maid's Room Apartment",https://mohamedmaged3002-droid.github.io/almaza-ical/91109.ics
91110,"D01-G06 Beachtown 2 Bedroom Apartment",https://mohamedmaged3002-droid.github.io/almaza-ical/91110.ics
91111,"B09-F06 Beachtown 2 Bedroom Apartment",https://mohamedmaged3002-droid.github.io/almaza-ical/91111.ics
91112,"F01-F08 Beachtown 2 Bedroom + Maid's Room Apartment",https://mohamedmaged3002-droid.github.io/almaza-ical/91112.ics
91113,"C08-S02 Beachtown 2 Bedroom + Maid’s Room Apartment",https://mohamedmaged3002-droid.github.io/almaza-ical/91113.ics
91114,"F01-F07 Beachtown 2 Bedroom + Maid's Room Apartment",https://mohamedmaged3002-droid.github.io/almaza-ical/91114.ics
91115,"E02-G08 Beachtown 2 Bedroom + Maid's Room Apartment",https://mohamedmaged3002-droid.github.io/almaza-ical/91115.ics
91116,"E06-G02 Beachtown 2 Bedroom + Maid's Room Apartment",https://mohamedmaged3002-droid.github.io/almaza-ical/91116.ics
91117,"F05 Beachtown 3 Bedroom + Maid's Room Townhome",https://mohamedmaged3002-droid.github.io/almaza-ical/91117.ics
91118,"D01-G01 Beachtown 2 Bedroom + Maid’s Room Apartment",https://mohamedmaged3002-droid.github.io/almaza-ical/91118.ics
91119,"E06-S04 Beachtown 2 Bedroom + Maid's Room Apartment",https://mohamedmaged3002-droid.github.io/almaza-ical/91119.ics
91120,"F01-S07 Beachtown 2 Bedroom + Maid's Room Apartment",https://mohamedmaged3002-droid.github.io/almaza-ical/91120.ics
91121,"B09-F05 Beachtown 2 Bedroom + Maid's Room Apartment",https://mohamedmaged3002-droid.github.io/almaza-ical/91121.ics
91122,"F02-G03 Beachtown 2 Bedroom + Maid's Room Apartment",https://mohamedmaged3002-droid.github.io/almaza-ical/91122.ics
91123,"F02-F01 Beachtown 2 Bedrooms + Maid's Room Apartment",https://mohamedmaged3002-droid.github.io/almaza-ical/91123.ics
91124,"E02-G05 Beachtown 2 Bedroom + Maid's Room Apartment",https://mohamedmaged3002-droid.github.io/almaza-ical/91124.ics
91125,"E09-F Residence 3 bedroom chalet",https://mohamedmaged3002-droid.github.io/almaza-ical/91125.ics
91126,"E04-F Residences 2 Bedrooms",https://mohamedmaged3002-droid.github.io/almaza-ical/91126.ics
91127,"E10 Beachtown 3 Bedroom + Maid's Room Townhome",https://mohamedmaged3002-droid.github.io/almaza-ical/91127.ics
91128,"E09-G Residences 3 Bedroom + Maid's chalet",https://mohamedmaged3002-droid.github.io/almaza-ical/91128.ics
91129,"E03-F Residences 3 Bedroom Chalet",https://mohamedmaged3002-droid.github.io/almaza-ical/91129.ics
91130,"F15 Beachtown 4 Bedroom + Maid's Room Townhome",https://mohamedmaged3002-droid.github.io/almaza-ical/91130.ics
91131,"67A Bayhomes 3 Bedroom + Maid's Room Quad chalet",https://mohamedmaged3002-droid.github.io/almaza-ical/91131.ics
91132,"F09-G Residence 3 Bedrooms Chalet + Maid's Room with Pool",https://mohamedmaged3002-droid.github.io/almaza-ical/91132.ics
91133,"D21-G Residences 3 Bedroom Chalet",https://mohamedmaged3002-droid.github.io/almaza-ical/91133.ics
91134,"C01-F07 Beachtown 2 Bedroom + Maid's Room Apartment",https://mohamedmaged3002-droid.github.io/almaza-ical/91134.ics
91135,"D09-G Residences 4 Bedroom Chalet",https://mohamedmaged3002-droid.github.io/almaza-ical/91135.ics
91136,"E32-F Residences 3 Bedroom + Maid's Room Chalet",https://mohamedmaged3002-droid.github.io/almaza-ical/91136.ics
91137,"C17 Beachtown 3 Bedroom + Maid's Room Townhome",https://mohamedmaged3002-droid.github.io/almaza-ical/91137.ics
91138,"38A Bayhomes 4 Bedroom + Maid's Room Twin Home",https://mohamedmaged3002-droid.github.io/almaza-ical/91138.ics
91139,"C07 Beachtown 4 Bedroom + Maid's Room Townvilla",https://mohamedmaged3002-droid.github.io/almaza-ical/91139.ics
91140,"69C Bayhomes 4 Bedroom + Maid's Room Quad chalet",https://mohamedmaged3002-droid.github.io/almaza-ical/91140.ics
91141,"F20-G Residence 3 Bedrooms Chalet + Maid's Room with Pool",https://mohamedmaged3002-droid.github.io/almaza-ical/91141.ics
91142,"G30 Selection 6 Bedroom + Maid's Room Standalone Villa",https://mohamedmaged3002-droid.github.io/almaza-ical/91142.ics
91143,"58A Bayhomes 5 Bedroom + Maid's Room + Driver's chalet",https://mohamedmaged3002-droid.github.io/almaza-ical/91143.ics
91144,"F33-F Residences 4 Bedroom + Maid's Room Chalet",https://mohamedmaged3002-droid.github.io/almaza-ical/91144.ics
91145,"F34-F Residences 4 Bedroom + Maid's Room Chalet",https://mohamedmaged3002-droid.github.io/almaza-ical/91145.ics
91146,"19B Bayhomes 4 Bedroom + Maid's Room+ Driver's Room Chalet",https://mohamedmaged3002-droid.github.io/almaza-ical/91146.ics
91147,"E40 Residence 5 Bedroom + Maid's Room + Driver's Room villa",https://mohamedmaged3002-droid.github.io/almaza-ical/91147.ics
91148,"G06 Selection 6 Bedroom Town Villa",https://mohamedmaged3002-droid.github.io/almaza-ical/91148.ics
91149,"47A Bayhomes 4 Bedroom + Maid's Room+ Driver's Room Chalet",https://mohamedmaged3002-droid.github.io/almaza-ical/91149.ics
91150,"G56 Selection 7 Bedroom Town Villa",https://mohamedmaged3002-droid.github.io/almaza-ical/91150.ics
91151,"D76 Selection 5 Bedroom Standalone Villa",https://mohamedmaged3002-droid.github.io/almaza-ical/91151.ics
91152,"E59 Selection 6 Bedroom Standalone Villa",https://mohamedmaged3002-droid.github.io/almaza-ical/91152.ics
